date,GridSim.ExternalGrid-0-ExternalGrid-P[MW],BTSim.Battery-0-p_mw,BTSim.Battery-0-soc_percent,CtrlSim.Ctrl-0-PV-19-P[MW],CtrlSim.Ctrl-0-PV-1-P[MW],CtrlSim.Ctrl-0-PV-9-P[MW],CtrlSim.Ctrl-0-PV-14-P[MW],CtrlSim.Ctrl-0-PV-18-P[MW],CtrlSim.Ctrl-0-WT-8-P[MW],CtrlSim.Ctrl-0-WT-16-P[MW],CtrlSim.Ctrl-0-PV-10-P[MW],CtrlSim.Ctrl-0-WT-14-P[MW],CtrlSim.Ctrl-0-WT-21-P[MW],CtrlSim.Ctrl-0-WT-12-P[MW],CtrlSim.Ctrl-0-WT-1-P[MW],CtrlSim.Ctrl-0-WT-6-P[MW],CtrlSim.Ctrl-0-Battery-1-SET-P[MW],CtrlSim.Ctrl-0-WT-7-P[MW],CtrlSim.Ctrl-0-PV-21-P[MW],CtrlSim.Ctrl-0-PowerPlant-1-P[MW],CtrlSim.Ctrl-0-PV-8-P[MW],CtrlSim.Ctrl-0-PV-5-P[MW],CtrlSim.Ctrl-0-PV-13-P[MW],CtrlSim.Ctrl-0-WT-17-P[MW],CtrlSim.Ctrl-0-WT-19-P[MW],CtrlSim.Ctrl-0-PV-15-P[MW],CtrlSim.Ctrl-0-PV-4-P[MW],CtrlSim.Ctrl-0-PV-17-P[MW],CtrlSim.Ctrl-0-WT-11-P[MW],CtrlSim.Ctrl-0-WT-10-P[MW],CtrlSim.Ctrl-0-PV-6-P[MW],CtrlSim.Ctrl-0-WT-3-P[MW],CtrlSim.Ctrl-0-WT-4-P[MW],CtrlSim.Ctrl-0-SteelPlant-3-P[MW],CtrlSim.Ctrl-0-PV-2-P[MW],CtrlSim.Ctrl-0-WT-2-P[MW],CtrlSim.Ctrl-0-SteelPlant-4-P[MW],CtrlSim.Ctrl-0-Battery-1-P[MW],CtrlSim.Ctrl-0-PV-12-P[MW],CtrlSim.Ctrl-0-WT-20-P[MW],CtrlSim.Ctrl-0-WT-15-P[MW],CtrlSim.Ctrl-0-PV-11-P[MW],CtrlSim.Ctrl-0-WT-5-P[MW],CtrlSim.Ctrl-0-PV-20-P[MW],CtrlSim.Ctrl-0-WT-18-P[MW],CtrlSim.Ctrl-0-SteelPlant-2-P[MW],CtrlSim.Ctrl-0-PowerPlant-2-P[MW],CtrlSim.Ctrl-0-PV-7-P[MW],CtrlSim.Ctrl-0-WT-9-P[MW],CtrlSim.Ctrl-0-PV-16-P[MW],CtrlSim.Ctrl-0-PV-3-P[MW],CtrlSim.Ctrl-0-SteelPlant-1-P[MW],CtrlSim.Ctrl-0-WT-13-P[MW]
2023-03-01 00:00:00,4.134326171167576,-2.0,19.087587118072456,0.0,0.0,0.0,0.0,0.0,0.0,0.0,0.0,0.0,0.0,0.0,0.0075,0.0,-2,0.0,0.0,24.48462780245965,0.0,0.0,0.0,0.0,0.0,0.0,0.0,0.0,0.0,0.0,0.0,0.0,0.0,12.88664621182087,0.0,0.0028571428571428576,12.88664621182087,0,0.0,0.0030666666666666668,0.0,0.0,0.0,0.0,0.0,12.88664621182087,24.48462780245965,0.0,0.0,0.0,0.0,12.88664621182087,0.0
2023-03-01 00:15:00,3.7839096962024605,-2.0,18.175174236144915,0.0,0.0,0.0,0.0,0.0,0.0,0.0,0.0,0.0,0.0,0.0,0.00375,0.0,-2,0.0,0.0,22.942030608470905,0.0,0.0,0.0,0.0,0.0,0.0,0.0,0.0,0.0,0.0,0.0,0.0,0.0,12.074752951826792,0.0,0.0014285714285714288,12.074752951826792,-2.0,0.0,0.0015333333333333334,0.0,0.0,0.0,0.0,0.0,12.074752951826792,22.942030608470905,0.0,0.0,0.0,0.0,12.074752951826792,0.0
2023-03-01 00:30:00,4.715030330984984,-2.0,17.262761354217375,0.0,0.0,0.0,0.0,0.0,0.0,0.0,0.0,0.0,0.0,0.0,0.00375,0.0,-2,0.0,0.0,26.78211298499608,0.0,0.0,0.0,0.0,0.0,0.0,0.0,0.0,0.0,0.0,0.0,0.0,0.0,14.09584893947162,0.0,0.0014285714285714288,14.09584893947162,-2.0,0.0,0.0015333333333333334,0.0,0.0,0.0,0.0,0.0,14.09584893947162,26.78211298499608,0.0,0.0,0.0,0.0,14.09584893947162,0.0
2023-03-01 00:45:00,2.258052244583517,-2.0,16.350348472289834,0.0,0.0,0.0,0.0,0.0,0.0,0.0,0.0,0.0,0.0,0.0,0.013125,0.0,-2,0.0,0.0,15.327508289207314,0.0,0.0,0.0,0.0,0.0,0.0,0.0,0.0,0.0,0.0,0.0,0.0,0.0,8.067109625898587,0.0,0.005,8.067109625898587,-2.0,0.0,0.005366666666666666,0.0,0.0,0.0,0.0,0.0,8.067109625898587,15.327508289207314,0.0,0.0,0.0,0.0,8.067109625898587,0.0
2023-03-01 01:00:00,1.4761323711759236,-2.0,15.437935590362295,0.0,0.0,0.0,0.0,0.0,0.0,0.0,0.0,0.0,0.0,0.0,0.005625,0.0,-2,0.0,0.0,10.40432575520068,0.0,0.0,0.0,0.0,0.0,0.0,0.0,0.0,0.0,0.0,0.0,0.0,0.0,5.475960923789832,0.0,0.002142857142857143,5.475960923789832,-2.0,0.0,0.0023,0.0,0.0,0.0,0.0,0.0,5.475960923789832,10.40432575520068,0.0,0.0,0.0,0.0,5.475960923789832,0.0
2023-03-01 01:15:00,1.4127800054998882,-0.9599504764490459,15.0,0.0,0.0,0.0,0.0,0.0,0.0,0.0,0.0,0.0,0.0,0.0,0.005625,0.0,-2,0.0,0.0,9.977649935586776,0.0,0.0,0.0,0.0,0.0,0.0,0.0,0.0,0.0,0.0,0.0,0.0,0.0,5.251394702940408,0.0,0.002142857142857143,5.251394702940408,-2.0,0.0,0.0023,0.0,0.0,0.0,0.0,0.0,5.251394702940408,9.977649935586776,0.0,0.0,0.0,0.0,5.251394702940408,0.0
2023-03-01 01:30:00,1.0433238863769922,-0.0,15.0,0.0,0.0,0.0,0.0,0.0,0.0,0.0,0.0,0.0,0.0,0.0,0.009375,0.0,-2,0.0,0.0,7.4175950179033245,0.0,0.0,0.0,0.0,0.0,0.0,0.0,0.0,0.0,0.0,0.0,0.0,0.0,3.9039973778438553,0.0,0.0035714285714285718,3.9039973778438553,-0.9599504764490459,0.0,0.003833333333333333,0.0,0.0,0.0,0.0,0.0,3.9039973778438553,7.4175950179033245,0.0,0.0,0.0,0.0,3.9039973778438553,0.0
2023-03-01 01:45:00,0.9029358928673297,-0.0,15.0,0.0,0.0,0.0,0.0,0.0,0.0,0.0,0.0,0.0,0.0,0.0,0.009375,0.0,-2,0.0,0.0,6.367316077315244,0.0,0.0,0.0,0.0,0.0,0.0,0.0,0.0,0.0,0.0,0.0,0.0,0.0,3.351218988060655,0.0,0.0035714285714285718,3.351218988060655,0.0,0.0,0.003833333333333333,0.0,0.0,0.0,0.0,0.0,3.351218988060655,6.367316077315244,0.0,0.0,0.0,0.0,3.351218988060655,0.0
2023-03-01 02:00:00,0.7672816934666429,-0.0,15.0,0.0,0.0,0.0,0.0,0.0,0.0,0.0,0.0,0.0,0.0,0.0,0.009375,0.0,-2,0.0,0.0,5.317037136727162,0.0,0.0,0.0,0.0,0.0,0.0,0.0,0.0,0.0,0.0,0.0,0.0,0.0,2.7984405982774536,0.0,0.0035714285714285718,2.7984405982774536,0.0,0.0,0.003833333333333333,0.0,0.0,0.0,0.0,0.0,2.7984405982774536,5.317037136727162,0.0,0.0,0.0,0.0,2.7984405982774536,0.0
2023-03-01 02:15:00,0.7548037805824555,-0.0,15.0,0.0,0.0,0.0,0.0,0.0,0.0,0.0,0.0,0.0,0.0,0.0,0.009375,0.0,-2,0.0,0.0,5.218573486047029,0.0,0.0,0.0,0.0,0.0,0.0,0.0,0.0,0.0,0.0,0.0,0.0,0.0,2.7466176242352787,0.0,0.0035714285714285718,2.7466176242352787,0.0,0.0,0.003833333333333333,0.0,0.0,0.0,0.0,0.0,2.7466176242352787,5.218573486047029,0.0,0.0,0.0,0.0,2.7466176242352787,0.0
2023-03-01 02:30:00,0.7340979288663645,-0.0,15.0,0.0,0.0,0.0,0.0,0.0,0.0,0.0,0.0,0.0,0.0,0.0,0.009375,0.0,-2,0.0,0.0,5.054467401580141,0.0,0.0,0.0,0.0,0.0,0.0,0.0,0.0,0.0,0.0,0.0,0.0,0.0,2.6602460008316533,0.0,0.0035714285714285718,2.6602460008316533,0.0,0.0,0.003833333333333333,0.0,0.0,0.0,0.0,0.0,2.6602460008316533,5.054467401580141,0.0,0.0,0.0,0.0,2.6602460008316533,0.0
2023-03-01 02:45:00,0.7352439057831619,-0.0,15.0,0.0,0.0,0.0,0.0,0.0,0.0,0.0,0.0,0.0,0.0,0.0,0.001875,0.0,-2,0.0,0.0,4.956003750900008,0.0,0.0,0.0,0.0,0.0,0.0,0.0,0.0,0.0,0.0,0.0,0.0,0.0,2.608423026789478,0.0,0.0007142857142857144,2.608423026789478,0.0,0.0,0.0007666666666666667,0.0,0.0,0.0,0.0,0.0,2.608423026789478,4.956003750900008,0.0,0.0,0.0,0.0,2.608423026789478,0.0
2023-03-01 03:00:00,0.7094001674287469,-0.0,15.0,0.0,0.0,0.0,0.0,0.0,0.0,0.0,0.0,0.0,0.0,0.0,0.009375,0.0,-2,0.0,0.0,4.857540100219877,0.0,0.0,0.0,0.0,0.0,0.0,0.0,0.0,0.0,0.0,0.0,0.0,0.0,2.556600052747304,0.0,0.0035714285714285718,2.556600052747304,0.0,0.0,0.003833333333333333,0.0,0.0,0.0,0.0,0.0,2.556600052747304,4.857540100219877,0.0,0.0,0.0,0.0,2.556600052747304,0.0
2023-03-01 03:15:00,0.7135051717147132,-0.0,15.0,0.0,0.0,0.0,0.0,0.0,0.0,0.0,0.0,0.0,0.0,0.0,0.009375,0.0,-2,0.0,0.0,4.890361317113253,0.0,0.0,0.0,0.0,0.0,0.0,0.0,0.0,0.0,0.0,0.0,0.0,0.0,2.5738743774280284,0.0,0.0035714285714285718,2.5738743774280284,0.0,0.0,0.003833333333333333,0.0,0.0,0.0,0.0,0.0,2.5738743774280284,4.890361317113253,0.0,0.0,0.0,0.0,2.5738743774280284,0.0
2023-03-01 03:30:00,0.7190894848052904,-0.0,15.0,0.0,0.0,0.0,0.0,0.0,0.0,0.0,0.0,0.0,0.0,0.0,0.013125,0.0,-2,0.0,0.0,4.988824967793388,0.0,0.0,0.0,0.0,0.0,0.0,0.0,0.0,0.0,0.0,0.0,0.0,0.0,2.625697351470204,0.0,0.005,2.625697351470204,0.0,0.0,0.005366666666666666,0.0,0.0,0.0,0.0,0.0,2.625697351470204,4.988824967793388,0.0,0.0,0.0,0.0,2.625697351470204,0.0
2023-03-01 03:45:00,0.7548037805824555,-0.0,15.0,0.0,0.0,0.0,0.0,0.0,0.0,0.0,0.0,0.0,0.0,0.0,0.009375,0.0,-2,0.0,0.0,5.218573486047029,0.0,0.0,0.0,0.0,0.0,0.0,0.0,0.0,0.0,0.0,0.0,0.0,0.0,2.7466176242352787,0.0,0.0035714285714285718,2.7466176242352787,0.0,0.0,0.003833333333333333,0.0,0.0,0.0,0.0,0.0,2.7466176242352787,5.218573486047029,0.0,0.0,0.0,0.0,2.7466176242352787,0.0
2023-03-01 04:00:00,0.7052996736921786,-0.0,15.0,0.0,0.0,0.0,0.0,0.0,0.0,0.0,0.0,0.0,0.0,0.0,0.009375,0.0,-2,0.0,0.0,4.8247188833265,0.0,0.0,0.0,0.0,0.0,0.0,0.0,0.0,0.0,0.0,0.0,0.0,0.0,2.539325728066579,0.0,0.0035714285714285718,2.539325728066579,0.0,0.0,0.003833333333333333,0.0,0.0,0.0,0.0,0.0,2.539325728066579,4.8247188833265,0.0,0.0,0.0,0.0,2.539325728066579,0.0
2023-03-01 04:15:00,0.7012036886036768,-0.0,15.0,0.0,0.0,0.0,0.0,0.0,0.0,0.0,0.0,0.0,0.0,0.0,0.009375,0.0,-2,0.0,0.0,4.7918976664331225,0.0,0.0,0.0,0.0,0.0,0.0,0.0,0.0,0.0,0.0,0.0,0.0,0.0,2.522051403385854,0.0,0.0035714285714285718,2.522051403385854,0.0,0.0,0.003833333333333333,0.0,0.0,0.0,0.0,0.0,2.522051403385854,4.7918976664331225,0.0,0.0,0.0,0.0,2.522051403385854,0.0
2023-03-01 04:30:00,0.6951654221384773,-0.0,15.0,0.0,0.0,0.0,0.0,0.0,0.0,0.0,0.0,0.0,0.0,0.0,0.015,0.0,-2,0.0,0.0,4.8247188833265,0.0,0.0,0.0,0.0,0.0,0.0,0.0,0.0,0.0,0.0,0.0,0.0,0.0,2.539325728066579,0.0,0.005714285714285715,2.539325728066579,0.0,0.0,0.0061333333333333335,0.0,0.0,0.0,0.0,0.0,2.539325728066579,4.8247188833265,0.0,0.0,0.0,0.0,2.539325728066579,0.0
2023-03-01 04:45:00,0.6971122098393963,-0.0,15.0,0.0,0.0,0.0,0.0,0.0,0.0,0.0,0.0,0.0,0.0,0.0,0.009375,0.0,-2,0.0,0.0,4.759076449539744,0.0,0.0,0.0,0.0,0.0,0.0,0.0,0.0,0.0,0.0,0.0,0.0,0.0,2.5047770787051284,0.0,0.0035714285714285718,2.5047770787051284,0.0,0.0,0.003833333333333333,0.0,0.0,0.0,0.0,0.0,2.5047770787051284,4.759076449539744,0.0,0.0,0.0,0.0,2.5047770787051284,0.0
2023-03-01 05:00:00,0.7251074854020656,-0.0,15.0,0.0,0.0,0.0,0.0,0.0,0.0,0.0,0.0,0.0,0.0,0.0,0.0075,0.0,-2,0.0,0.0,4.956003750900008,0.0,0.0,0.0,0.0,0.0,0.0,0.0,0.0,0.0,0.0,0.0,0.0,0.0,2.608423026789478,0.0,0.0028571428571428576,2.608423026789478,0.0,0.0,0.0030666666666666668,0.0,0.0,0.0,0.0,0.0,2.608423026789478,4.956003750900008,0.0,0.0,0.0,0.0,2.608423026789478,0.0
2023-03-01 05:15:00,0.7672816934666429,-0.0,15.0,0.0,0.0,0.0,0.0,0.0,0.0,0.0,0.0,0.0,0.0,0.0,0.009375,0.0,-2,0.0,0.0,5.317037136727162,0.0,0.0,0.0,0.0,0.0,0.0,0.0,0.0,0.0,0.0,0.0,0.0,0.0,2.7984405982774536,0.0,0.0035714285714285718,2.7984405982774536,0.0,0.0,0.003833333333333333,0.0,0.0,0.0,0.0,0.0,2.7984405982774536,5.317037136727162,0.0,0.0,0.0,0.0,2.7984405982774536,0.0
2023-03-01 05:30:00,0.717614688782021,-0.0,15.0,0.0,0.0,0.0,0.0,0.0,0.0,0.0,0.0,0.0,0.0,0.0,0.009375,0.0,-2,0.0,0.0,4.923182534006631,0.0,0.0,0.0,0.0,0.0,0.0,0.0,0.0,0.0,0.0,0.0,0.0,0.0,2.591148702108753,0.0,0.0035714285714285718,2.591148702108753,0.0,0.0,0.003833333333333333,0.0,0.0,0.0,0.0,0.0,2.591148702108753,4.923182534006631,0.0,0.0,0.0,0.0,2.591148702108753,0.0
2023-03-01 05:45:00,0.7142361052291317,-0.0,15.0,0.0,0.0,0.0,0.0,0.0,0.0,0.0,0.0,0.0,0.0,0.0,0.01125,0.0,-2,0.0,0.0,4.923182534006631,0.0,0.0,0.0,0.0,0.0,0.0,0.0,0.0,0.0,0.0,0.0,0.0,0.0,2.591148702108753,0.0,0.004285714285714286,2.591148702108753,0.0,0.0,0.0046,0.0,0.0,0.0,0.0,0.0,2.591148702108753,4.923182534006631,0.0,0.0,0.0,0.0,2.591148702108753,0.0
2023-03-01 06:00:00,0.6802234883258507,-0.0,15.0,0.0,0.0,0.0,0.0,0.0,0.0,0.0,0.0,0.0,0.0,0.0,0.01875,0.0,-2,0.0,0.0,4.759076449539744,0.0,0.0,0.0,0.0,0.0,0.0,0.0,0.0,0.0,0.0,0.0,0.0,0.0,2.5047770787051284,0.0,0.0071428571428571435,2.5047770787051284,0.0,0.0,0.007666666666666666,0.0,0.0,0.0,0.0,0.0,2.5047770787051284,4.759076449539744,0.0,0.0,0.0,0.0,2.5047770787051284,0.0
2023-03-01 06:15:00,0.688409359839997,-0.0,15.0,0.0,0.0,0.0,0.0,0.0,0.0,0.0,0.0,0.0,0.0,0.0,0.01875,0.0,-2,0.0,0.0,4.8247188833265,0.0,0.0,0.0,0.0,0.0,0.0,0.0,0.0,0.0,0.0,0.0,0.0,0.0,2.539325728066579,0.0,0.0071428571428571435,2.539325728066579,0.0,0.0,0.007666666666666666,0.0,0.0,0.0,0.0,0.0,2.539325728066579,4.8247188833265,0.0,0.0,0.0,0.0,2.539325728066579,0.0
2023-03-01 06:30:00,0.7094001674287469,-0.0,15.0,0.0,0.0,0.0,0.0,0.0,0.0,0.0,0.0,0.0,0.0,0.0,0.009375,0.0,-2,0.0,0.0,4.857540100219877,0.0,0.0,0.0,0.0,0.0,0.0,0.0,0.0,0.0,0.0,0.0,0.0,0.0,2.556600052747304,0.0,0.0035714285714285718,2.556600052747304,0.0,0.0,0.003833333333333333,0.0,0.0,0.0,0.0,0.0,2.556600052747304,4.857540100219877,0.0,0.0,0.0,0.0,2.556600052747304,0.0
2023-03-01 06:45:00,0.745437928423164,-0.0,15.0,0.0,0.0,0.0,0.0,0.0,0.0,0.0,0.0,0.0,0.0,0.0,0.016875,0.0,-2,0.0,0.0,5.251394702940407,0.0,0.0,0.0,0.0,0.0,0.0,0.0,0.0,0.0,0.0,0.0,0.0,0.0,2.763891948916004,0.0,0.006428571428571429,2.763891948916004,0.0,0.0,0.0069,0.0,0.0,0.0,0.0,0.0,2.763891948916004,5.251394702940407,0.0,0.0,0.0,0.0,2.763891948916004,0.0
2023-03-01 07:00:00,0.722089736793329,-0.0,15.0,0.0,0.0,0.0,0.0,0.0,0.0,0.0,0.0,0.0,0.0,0.0,0.020625,0.0,-2,0.0,0.0,5.120109835366896,0.0,0.0,0.0,0.0,0.0,0.0,0.0,0.0,0.0,0.0,0.0,0.0,0.0,2.6947946501931037,0.0,0.007857142857142858,2.6947946501931037,0.0,0.0,0.008433333333333334,0.0,0.0,0.0,0.0,0.0,2.6947946501931037,5.120109835366896,0.0,0.0,0.0,0.0,2.6947946501931037,0.0
2023-03-01 07:15:00,0.8386253983182336,-0.0,15.0,0.0006949499935541578,0.002302266991486801,0.0017521629658475203,0.00018196411770310638,0.0002301659385804866,0.0,0.0,0.009649812355375436,0.0,0.0,0.0,0.01125,0.0,-2,0.0,0.0011949099350217493,6.1703887759549785,0.0009374872392296726,0.0005157367935178931,0.0002301659385804866,0.0,0.0,0.000292832708917631,0.0002582165636739606,0.000677943310000706,0.0,0.0,0.002320815570830519,0.0,0.0,3.2475730399763045,0.002344540540036886,0.004285714285714286,3.2475730399763045,0.0,0.0002252836307924157,0.0046,0.0,0.0002252836307924157,0.0,0.0013698311752148192,0.0,3.2475730399763045,6.1703887759549785,0.007956532377613793,0.0,0.0008022069345911045,0.0006855296359737242,3.2475730399763045,0.0
2023-03-01 07:30:00,0.8216108388762696,-0.0,15.0,0.0012684887153896782,0.00420231631858784,0.003198214217305523,0.0003321381855574357,0.00042012072590035676,0.0,0.0,0.017613753783663737,0.0,0.0,0.0,0.009375,0.0,-2,0.0,0.002181063072941782,6.236031209741734,0.0017111907256849108,0.0009413717659639366,0.00042012072590035676,0.0,0.0,0.0005345060654785915,0.00047132139029452854,0.001237446501742869,0.0,0.0,0.004236172946837715,0.0,0.0,3.282121689337755,0.004279478013375425,0.0035714285714285718,3.282121689337755,0.0,0.0004112090741388341,0.003833333333333333,0.0,0.0004112090741388341,0.0,0.0025003459297299295,0.0,3.282121689337755,6.236031209741734,0.014523018387292305,0.0,0.0014642642684719453,0.001251293784248515,3.282121689337755,0.0
2023-03-01 07:45:00,0.7674035575256379,-0.0,15.0,0.0017349075319454883,0.005747493173792885,0.004374186279358403,0.00045426422228225067,0.0005745976316919988,0.0,0.0,0.024090268785500465,0.0,0.0,0.0,0.016875,0.0,-2,0.0,0.0029830322548296748,6.104746342168222,0.002340389506479779,0.0012875108365705441,0.0005745976316919988,0.0,0.0,0.0007310420562822947,0.0006446245993901495,0.001692451206074614,0.0,0.0,0.005793798764567449,0.0,0.0,3.213024390614854,0.005853026950988162,0.006428571428571429,3.213024390614854,0.0,0.0005624091970803503,0.0069,0.0,0.0005624091970803503,0.0,0.0034197142893976087,0.0,3.213024390614854,6.104746342168222,0.019863080909597236,0.0,0.002002669063831783,0.001711390085407602,3.213024390614854,0.0
2023-03-01 08:00:00,0.8260430748155441,-0.0,15.0,0.0014360377534435391,0.00475738160867293,0.0036206521224272157,0.0003760088426755858,0.000475612605833613,0.0,0.0,0.019940276256560793,0.0,0.0,0.0,0.009375,0.0,-2,0.0,0.0024691500029811494,6.334494860421866,0.0019372143051907943,0.001065713379669084,0.000475612605833613,0.0,0.0,0.0006051065966605979,0.0005335761384842255,0.0014008953117280966,0.0,0.0,0.004795710208510878,0.0,0.0,3.333944663379929,0.0048447352488672135,0.0035714285714285718,3.333944663379929,0.0,0.0004655238535886576,0.003833333333333333,0.0,0.0004655238535886576,0.0,0.002830605513631266,0.0,3.333944663379929,6.334494860421866,0.016441299354956924,0.0,0.0016576724294296464,0.0014165716202513435,3.333944663379929,0.0
2023-03-01 08:15:00,0.6541899870890993,-0.0,15.0,0.005581201925034963,0.018489700099305385,0.014071768341128924,0.0014613691537975694,0.0018484820366902856,0.0,0.0,0.07749845570701541,0.0,0.0,0.0,0.005625,0.0,-2,0.0,0.009596422320229966,6.564243378675509,0.007529038970883312,0.004141925622694615,0.0018484820366902856,0.0,0.0,0.002351764146893138,0.0020737589691634576,0.005444619817160477,0.0,0.0,0.018638665302125768,0.0,0.0,3.454864936145005,0.01882920252787459,0.002142857142857143,3.454864936145005,0.0,0.0018092718116695828,0.0023,0.0,0.0018092718116695828,0.0,0.011001229531612408,0.0,3.454864936145005,6.564243378675509,0.06389958160216956,0.0,0.0064425914513910314,0.005505546239949561,3.454864936145005,0.0
2023-03-01 08:30:00,0.2526864392383791,-0.0,15.0,0.014725816231959274,0.04878446067774275,0.03712789421229709,0.003855774059947138,0.004877158566558839,0.0,0.0,0.20447710588700763,0.0,0.0,0.0,0.005625,0.0,-2,0.0,0.025319842118253676,6.466381687662998,0.019865119696021918,0.010928333428083652,0.004877158566558839,0.0,0.0,0.006205051727785658,0.005471544283731874,0.01436544886877331,0.0,0.0,0.04917750042637642,0.0,0.0,3.420316286783555,0.04968022657916776,0.002142857142857143,3.420316286783555,0.0,0.004773703687874259,0.0023,0.0,0.004773703687874259,0.0,0.02902637936847499,0.0,3.420316286783555,6.466381687662998,0.1685969274381235,0.0,0.016998563937494843,0.014526201215259516,3.420316286783555,0.0
2023-03-01 08:45:00,0.34041542918324424,-0.0,15.0,0.010698505652597518,0.035442573783246945,0.026973919804678545,0.0028012722640091553,0.003543321991191371,0.0,0.0,0.1485553967739465,0.0,0.0,0.0,0.01125,0.0,-2,0.0,0.018395209457871414,6.203209992848356,0.01443227947501963,0.007939582778445926,0.003543321991191371,0.0,0.0,0.004508054422158325,0.003975151293882109,0.010436693864963674,0.0,0.0,0.035728122503006665,0.0,0.0,3.264847364657029,0.036093359886295084,0.004285714285714286,3.264847364657029,0.0,0.0034681606156206453,0.0046,0.0,0.0034681606156206453,0.0,0.021088059151119276,0.0,3.264847364657029,6.203209992848356,0.12248795943091507,0.0,0.012349687752903083,0.010553482629705867,3.264847364657029,0.0
2023-03-01 09:00:00,0.4508691819053221,-0.0,15.0,0.008898889166995641,0.02948070937492128,0.02243658418622078,0.0023300647972218477,0.00294729289365143,0.0,0.0,0.12356660397047556,0.0,0.0,0.0,0.009375,0.0,-2,0.0,0.015300915425466292,6.334494860421866,0.012004597618184511,0.006604050086230824,0.00294729289365143,0.0,0.0,0.003749745802287021,0.003306483347766196,0.008681117250391482,0.0,0.0,0.029718225388038703,0.0,0.0,3.333944663379929,0.03002202547929145,0.0035714285714285718,3.333944663379929,0.0,0.0028847745595436724,0.003833333333333333,0.0,0.0028847745595436724,0.0,0.017540795623853887,0.0,3.333944663379929,6.334494860421866,0.10188402106443023,0.0,0.010272322708303234,0.008778260749412651,3.333944663379929,0.0
2023-03-01 09:15:00,0.24897556941221907,-0.0,15.0,0.0179704532778019,0.059533465410867605,0.04530853011714413,0.004705342407007718,0.005951775356164129,0.0,0.0,0.249530906799434,0.0,0.0,0.0,0.0075,0.0,-2,0.0,0.03089873135859847,6.176059787080423,0.02424213366051269,0.013336245827066698,0.005951775356164129,0.0,0.0,0.007572252050688534,0.006677126032228463,0.01753068377633798,0.0,0.0,0.06001310622180013,0.0,0.0,3.3166703386992045,0.06062660137194733,0.0028571428571428576,3.3166703386992045,0.0,0.00582552557588186,0.0030666666666666668,0.0,0.00582552557588186,0.0,0.03542195461687705,0.0,3.3166703386992045,6.176059787080423,0.2057450099596038,0.0,0.02074397060351175,0.01772685575664274,3.3166703386992045,0.0
2023-03-01 09:30:00,0.25678488772244057,-0.0,15.0,0.029835,0.098945,0.07524000000000002,0.0078,0.0099,0.0,0.0,0.412895,0.0,0.0,0.0,0.0075,0.0,-2,0.0,0.050839999999999996,5.811498973913605,0.039975,0.02208,0.0099,0.0,0.0,0.01254,0.01105,0.029160000000000005,0.0,0.0,0.09935999999999999,0.0,0.0,3.282121689337755,0.09975,0.0028571428571428576,3.282121689337755,0.0,0.009689999999999999,0.0030666666666666668,0.0,0.009689999999999999,0.0,0.058589999999999996,0.0,3.282121689337755,5.811498973913605,0.34103999999999995,0.0,0.034385,0.0294,3.282121689337755,0.0
2023-03-01 09:45:00,0.25595504404062774,-0.0,15.0,0.029835,0.098945,0.07524000000000002,0.0078,0.0099,0.0,0.0,0.412895,0.0,0.0,0.0,0.01125,0.0,-2,0.0,0.050839999999999996,5.773594372171201,0.039975,0.02208,0.0099,0.0,0.0,0.01254,0.01105,0.029160000000000005,0.0,0.0,0.09935999999999999,0.0,0.0,3.264847364657029,0.09975,0.004285714285714286,3.264847364657029,0.0,0.009689999999999999,0.0046,0.0,0.009689999999999999,0.0,0.058589999999999996,0.0,3.264847364657029,5.773594372171201,0.34103999999999995,0.0,0.034385,0.0294,3.264847364657029,0.0
2023-03-01 10:00:00,0.25984131675315103,-0.0,15.0,0.029835,0.098945,0.07524000000000002,0.0078,0.0099,0.0,0.0,0.412895,0.0,0.0,0.0,0.01125,0.0,-2,0.0,0.050839999999999996,5.946337618978452,0.039975,0.02208,0.0099,0.0,0.0,0.01254,0.01105,0.029160000000000005,0.0,0.0,0.09935999999999999,0.0,0.0,3.351218988060655,0.09975,0.004285714285714286,3.351218988060655,0.0,0.009689999999999999,0.0046,0.0,0.009689999999999999,0.0,0.058589999999999996,0.0,3.351218988060655,5.946337618978452,0.34103999999999995,0.0,0.034385,0.0294,3.351218988060655,0.0
2023-03-01 10:15:00,0.2565378258319746,-0.0,15.0,0.029835,0.098945,0.07524000000000002,0.0078,0.0099,0.0,0.0,0.412895,0.0,0.0,0.0,0.0225,0.0,-2,0.0,0.050839999999999996,5.798075164389795,0.039975,0.02208,0.0099,0.0,0.0,0.01254,0.01105,0.029160000000000005,0.0,0.0,0.09935999999999999,0.0,0.0,3.282121689337755,0.09975,0.008571428571428572,3.282121689337755,0.0,0.009689999999999999,0.0092,0.0,0.009689999999999999,0.0,0.058589999999999996,0.0,3.282121689337755,5.798075164389795,0.34103999999999995,0.0,0.034385,0.0294,3.282121689337755,0.0
2023-03-01 10:30:00,0.25555694109499116,-0.0,15.0,0.029835,0.098945,0.07524000000000002,0.0078,0.0099,0.0,0.0,0.412895,0.0,0.0,0.0,0.035625,0.0,-2,0.0,0.050839999999999996,5.75178068169501,0.039975,0.02208,0.0099,0.0,0.0,0.01254,0.01105,0.029160000000000005,0.0,0.0,0.09935999999999999,0.0,0.0,3.264847364657029,0.09975,0.013571428571428573,3.264847364657029,0.0,0.009689999999999999,0.014566666666666665,0.0,0.009689999999999999,0.0,0.058589999999999996,0.0,3.264847364657029,5.75178068169501,0.34103999999999995,0.0,0.034385,0.0294,3.264847364657029,0.0
2023-03-01 10:45:00,0.25709260710694126,-0.0,15.0,0.029835,0.098945,0.07524000000000002,0.0078,0.0099,0.0,0.0,0.412895,0.0,0.0,0.0,0.035625,0.0,-2,0.0,0.050839999999999996,5.820877980417912,0.039975,0.02208,0.0099,0.0,0.0,0.01254,0.01105,0.029160000000000005,0.0,0.0,0.09935999999999999,0.0,0.0,3.29939601401848,0.09975,0.013571428571428573,3.29939601401848,0.0,0.009689999999999999,0.014566666666666665,0.0,0.009689999999999999,0.0,0.058589999999999996,0.0,3.29939601401848,5.820877980417912,0.34103999999999995,0.0,0.034385,0.0294,3.29939601401848,0.0
2023-03-01 11:00:00,0.24178922151808857,-0.0,15.0,0.029835,0.098945,0.07524000000000002,0.0078,0.0099,0.0,0.0,0.412895,0.0,0.0,0.014600000000000002,0.04875,0.0,-2,0.0,0.050839999999999996,5.067059159855578,0.039975,0.02208,0.0099,0.014600000000000002,0.014600000000000002,0.01254,0.01105,0.029160000000000005,0.014600000000000002,0.0,0.09935999999999999,0.014600000000000002,0.014600000000000002,2.95390952040398,0.09975,0.018571428571428572,2.95390952040398,0.0,0.009689999999999999,0.019933333333333334,0.0,0.009689999999999999,0.0,0.058589999999999996,0.014600000000000002,2.95390952040398,5.067059159855578,0.34103999999999995,0.0,0.034385,0.0294,2.95390952040398,0.0
2023-03-01 11:15:00,0.23013756315878764,-0.0,15.0,0.029835,0.098945,0.07524000000000002,0.0078,0.0099,0.012599999999999993,0.013199999999999991,0.412895,0.013199999999999991,0.6611713665943597,0.04179999999999999,0.06187499999999999,0.012599999999999993,-2,0.012599999999999993,0.050839999999999996,4.240689798972014,0.039975,0.02208,0.0099,0.04179999999999999,0.039999999999999994,0.01254,0.01105,0.029160000000000005,0.04179999999999999,0.012599999999999993,0.09935999999999999,0.039999999999999994,0.039999999999999994,2.7984405982774536,0.09975,0.023571428571428573,2.7984405982774536,0.0,0.009689999999999999,0.058099999999999985,0.013199999999999991,0.009689999999999999,0.012599999999999993,0.058589999999999996,0.04179999999999999,2.7984405982774536,4.240689798972014,0.34103999999999995,0.012599999999999993,0.034385,0.0294,2.7984405982774536,0.013199999999999991
2023-03-01 11:30:00,0.22859240462295327,-0.0,15.0,0.029835,0.098945,0.07524000000000002,0.0078,0.0099,0.0418,0.049199999999999994,0.412895,0.049199999999999994,1.5219088937093275,0.07619999999999999,0.073125,0.0418,-2,0.0418,0.050839999999999996,3.751070944591843,0.039975,0.02208,0.0099,0.07619999999999999,0.0756,0.01254,0.01105,0.029160000000000005,0.07619999999999999,0.0418,0.09935999999999999,0.0756,0.0756,2.936635195723253,0.09975,0.0498,2.936635195723253,0.0,0.009689999999999999,0.1283,0.049199999999999994,0.009689999999999999,0.0418,0.058589999999999996,0.07619999999999999,2.936635195723253,3.751070944591843,0.34103999999999995,0.0418,0.034385,0.0294,2.936635195723253,0.049199999999999994
2023-03-01 11:45:00,0.22639027568501957,-0.0,15.0,0.029835,0.098945,0.07524000000000002,0.0078,0.0099,0.0418,0.049199999999999994,0.412895,0.049199999999999994,1.5219088937093275,0.07619999999999999,0.073125,0.0418,-2,0.0418,0.050839999999999996,3.612876347146044,0.039975,0.02208,0.0099,0.07619999999999999,0.0756,0.01254,0.01105,0.029160000000000005,0.07619999999999999,0.0418,0.09935999999999999,0.0756,0.0756,2.8675378970003536,0.09975,0.0498,2.8675378970003536,0.0,0.009689999999999999,0.1283,0.049199999999999994,0.009689999999999999,0.0418,0.058589999999999996,0.07619999999999999,2.8675378970003536,3.612876347146044,0.34103999999999995,0.0418,0.034385,0.0294,2.8675378970003536,0.049199999999999994
2023-03-01 12:00:00,0.22378851810842404,-0.0,15.0,0.029835,0.098945,0.07524000000000002,0.0078,0.0099,0.133,0.148,0.412895,0.148,1.878524945770065,0.17400000000000002,0.275,0.133,-2,0.133,0.050839999999999996,2.6401700160072754,0.039975,0.02208,0.0099,0.17400000000000002,0.17400000000000002,0.01254,0.01105,0.029160000000000005,0.17400000000000002,0.133,0.09935999999999999,0.17400000000000002,0.17400000000000002,3.005732494446154,0.09975,0.162,3.005732494446154,0.0,0.009689999999999999,0.327,0.148,0.009689999999999999,0.133,0.058589999999999996,0.17400000000000002,3.005732494446154,2.6401700160072754,0.34103999999999995,0.133,0.034385,0.0294,3.005732494446154,0.148
2023-03-01 12:15:00,0.2257650787312273,-0.0,15.0,0.029835,0.098945,0.07524000000000002,0.0078,0.0099,0.088,0.1,0.412895,0.1,1.7657266811279824,0.128,0.17,0.088,-2,0.088,0.050839999999999996,3.1522218496054175,0.039975,0.02208,0.0099,0.128,0.125,0.01254,0.01105,0.029160000000000005,0.128,0.088,0.09935999999999999,0.125,0.125,2.9711838450847043,0.09975,0.10400000000000001,2.9711838450847043,0.0,0.009689999999999999,0.2335,0.1,0.009689999999999999,0.088,0.058589999999999996,0.128,2.9711838450847043,3.1522218496054175,0.34103999999999995,0.088,0.034385,0.0294,2.9711838450847043,0.1
2023-03-01 12:30:00,0.22915427126422072,-0.0,15.0,0.029835,0.098945,0.07524000000000002,0.0078,0.0099,0.0418,0.049199999999999994,0.412895,0.049199999999999994,1.5219088937093275,0.07619999999999999,0.073125,0.0418,-2,0.0418,0.050839999999999996,3.7856195939532964,0.039975,0.02208,0.0099,0.07619999999999999,0.0756,0.01254,0.01105,0.029160000000000005,0.07619999999999999,0.0418,0.09935999999999999,0.0756,0.0756,2.95390952040398,0.09975,0.0498,2.95390952040398,0.0,0.009689999999999999,0.1283,0.049199999999999994,0.009689999999999999,0.0418,0.058589999999999996,0.07619999999999999,2.95390952040398,3.7856195939532964,0.34103999999999995,0.0418,0.034385,0.0294,2.95390952040398,0.049199999999999994
2023-03-01 12:45:00,0.22786475172405796,-0.0,15.0,0.029835,0.098945,0.07524000000000002,0.0078,0.0099,0.047,0.056,0.412895,0.056,1.6268980477223427,0.082,0.075,0.047,-2,0.047,0.050839999999999996,3.638288867585334,0.039975,0.02208,0.0099,0.082,0.082,0.01254,0.01105,0.029160000000000005,0.082,0.047,0.09935999999999999,0.082,0.082,2.936635195723253,0.09975,0.056,2.936635195723253,0.0,0.009689999999999999,0.14,0.056,0.009689999999999999,0.047,0.058589999999999996,0.082,2.936635195723253,3.638288867585334,0.34103999999999995,0.047,0.034385,0.0294,2.936635195723253,0.056
2023-03-01 13:00:00,0.24076679711526472,-0.0,15.0,0.029835,0.098945,0.07524000000000002,0.0078,0.0099,0.012599999999999993,0.013199999999999991,0.412895,0.013199999999999991,0.6611713665943597,0.04179999999999999,0.06187499999999999,0.012599999999999993,-2,0.012599999999999993,0.050839999999999996,4.828016838116664,0.039975,0.02208,0.0099,0.04179999999999999,0.039999999999999994,0.01254,0.01105,0.029160000000000005,0.04179999999999999,0.012599999999999993,0.09935999999999999,0.039999999999999994,0.039999999999999994,3.0921041178497792,0.09975,0.023571428571428573,3.0921041178497792,0.0,0.009689999999999999,0.058099999999999985,0.013199999999999991,0.009689999999999999,0.012599999999999993,0.058589999999999996,0.04179999999999999,3.0921041178497792,4.828016838116664,0.34103999999999995,0.012599999999999993,0.034385,0.0294,3.0921041178497792,0.013199999999999991
2023-03-01 13:15:00,0.25259496851220264,-0.0,15.0,0.029835,0.098945,0.07524000000000002,0.0078,0.0099,0.0,0.0,0.412895,0.0,0.0,0.025,0.056249999999999994,0.0,-2,0.0,0.050839999999999996,5.576725644876874,0.039975,0.02208,0.0099,0.025,0.025,0.01254,0.01105,0.029160000000000005,0.025,0.0,0.09935999999999999,0.025,0.025,3.23029871529558,0.09975,0.02142857142857143,3.23029871529558,0.0,0.009689999999999999,0.023,0.0,0.009689999999999999,0.0,0.058589999999999996,0.025,3.23029871529558,5.576725644876874,0.34103999999999995,0.0,0.034385,0.0294,3.23029871529558,0.0
2023-03-01 13:30:00,0.24890762564508462,-0.0,15.0,0.029835,0.098945,0.07524000000000002,0.0078,0.0099,0.0,0.0,0.412895,0.0,0.0,0.012,0.046875,0.0,-2,0.0,0.050839999999999996,5.423323629660555,0.039975,0.02208,0.0099,0.012,0.012,0.01254,0.01105,0.029160000000000005,0.012,0.0,0.09935999999999999,0.012,0.012,3.1266527672112296,0.09975,0.01785714285714286,3.1266527672112296,0.0,0.009689999999999999,0.019166666666666665,0.0,0.009689999999999999,0.0,0.058589999999999996,0.012,3.1266527672112296,5.423323629660555,0.34103999999999995,0.0,0.034385,0.0294,3.1266527672112296,0.0
2023-03-01 13:45:00,0.23363442102440546,-0.0,15.0,0.029835,0.098945,0.07524000000000002,0.0078,0.0099,0.0,0.0,0.412895,0.0,0.0,0.009599999999999997,0.045,0.0,-2,0.0,0.050839999999999996,4.6387826705376805,0.039975,0.02208,0.0099,0.009599999999999997,0.009599999999999997,0.01254,0.01105,0.029160000000000005,0.009599999999999997,0.0,0.09935999999999999,0.009599999999999997,0.009599999999999997,2.7293432995545546,0.09975,0.017142857142857144,2.7293432995545546,0.0,0.009689999999999999,0.0184,0.0,0.009689999999999999,0.0,0.058589999999999996,0.009599999999999997,2.7293432995545546,4.6387826705376805,0.34103999999999995,0.0,0.034385,0.0294,2.7293432995545546,0.0
2023-03-01 14:00:00,0.23206418770906412,-0.0,15.0,0.029835,0.098945,0.07524000000000002,0.0078,0.0099,0.0,0.0,0.412895,0.0,0.0,0.017200000000000007,0.050625,0.0,-2,0.0,0.050839999999999996,4.53805144324335,0.039975,0.02208,0.0099,0.017200000000000007,0.017200000000000007,0.01254,0.01105,0.029160000000000005,0.017200000000000007,0.0,0.09935999999999999,0.017200000000000007,0.017200000000000007,2.6947946501931037,0.09975,0.019285714285714288,2.6947946501931037,0.0,0.009689999999999999,0.0207,0.0,0.009689999999999999,0.0,0.058589999999999996,0.017200000000000007,2.6947946501931037,4.53805144324335,0.34103999999999995,0.0,0.034385,0.0294,2.6947946501931037,0.0
2023-03-01 14:15:00,0.23004069546910477,-0.0,15.0,0.029835,0.098945,0.07524000000000002,0.0078,0.0099,0.0,0.0,0.412895,0.0,0.0,0.022399999999999996,0.054375,0.0,-2,0.0,0.050839999999999996,4.412849542778048,0.039975,0.02208,0.0099,0.022399999999999996,0.022399999999999996,0.01254,0.01105,0.029160000000000005,0.022399999999999996,0.0,0.09935999999999999,0.022399999999999996,0.022399999999999996,2.6429716761509288,0.09975,0.020714285714285716,2.6429716761509288,0.0,0.009689999999999999,0.02223333333333333,0.0,0.009689999999999999,0.0,0.058589999999999996,0.022399999999999996,2.6429716761509288,4.412849542778048,0.34103999999999995,0.0,0.034385,0.0294,2.6429716761509288,0.0
2023-03-01 14:30:00,0.2299272237673322,-0.0,15.0,0.029835,0.098945,0.07524000000000002,0.0078,0.0099,0.0,0.0,0.412895,0.0,0.0,0.025,0.056249999999999994,0.0,-2,0.0,0.050839999999999996,4.402071566587572,0.039975,0.02208,0.0099,0.025,0.025,0.01254,0.01105,0.029160000000000005,0.025,0.0,0.09935999999999999,0.025,0.025,2.6429716761509288,0.09975,0.02142857142857143,2.6429716761509288,0.0,0.009689999999999999,0.023,0.0,0.009689999999999999,0.0,0.058589999999999996,0.025,2.6429716761509288,4.402071566587572,0.34103999999999995,0.0,0.034385,0.0294,2.6429716761509288,0.0
2023-03-01 14:45:00,0.22119190348422402,-0.0,15.0,0.029835,0.098945,0.07524000000000002,0.0078,0.0099,0.026200000000000005,0.028800000000000006,0.412895,0.028800000000000006,1.206941431670282,0.058800000000000005,0.0675,0.026200000000000005,-2,0.026200000000000005,0.050839999999999996,3.467541487105268,0.039975,0.02208,0.0099,0.058800000000000005,0.056400000000000006,0.01254,0.01105,0.029160000000000005,0.058800000000000005,0.026200000000000005,0.09935999999999999,0.056400000000000006,0.056400000000000006,2.625697351470204,0.09975,0.031200000000000006,2.625697351470204,0.0,0.009689999999999999,0.09320000000000003,0.028800000000000006,0.009689999999999999,0.026200000000000005,0.058589999999999996,0.058800000000000005,2.625697351470204,3.467541487105268,0.34103999999999995,0.026200000000000005,0.034385,0.0294,2.625697351470204,0.028800000000000006
2023-03-01 15:00:00,0.20500799816440896,-0.0,15.0,0.02578600061430472,0.08542522283244786,0.06501370707644324,0.006751747455780151,0.008540267772757276,0.036599999999999994,0.04239999999999999,0.3580546364941362,0.04239999999999999,1.4169197396963122,0.07039999999999999,0.07125,0.036599999999999994,-2,0.036599999999999994,0.044336928706091794,2.5468645159047476,0.0347853036202601,0.019136325487908015,0.008540267772757276,0.07039999999999999,0.06919999999999998,0.010865507564682205,0.009581081417768962,0.025154970530666877,0.07039999999999999,0.036599999999999994,0.08611346469558605,0.06919999999999998,0.06919999999999998,2.2283878838135283,0.08699377561896772,0.043599999999999986,2.2283878838135283,0.0,0.008359110577577577,0.11660000000000001,0.04239999999999999,0.008359110577577577,0.036599999999999994,0.05082735139680288,0.07039999999999999,2.2283878838135283,2.5468645159047476,0.29522577261653854,0.036599999999999994,0.029765751061272123,0.025436459857978194,2.2283878838135283,0.04239999999999999
2023-03-01 15:15:00,0.19519174139730305,-0.0,15.0,0.00476513949396548,0.015786205437142577,0.012014247105353835,0.0012476932323103665,0.0015782039200926158,0.0168,0.017599999999999994,0.06616692192309818,0.017599999999999994,0.8815618221258132,0.0474,0.06375,0.0168,-2,0.0168,0.008193269409189708,3.535153118431637,0.00642817110608958,0.0035363087791606893,0.0015782039200926158,0.0474,0.045,0.002007898006088057,0.001770541703678645,0.004648527910090974,0.0474,0.0168,0.015913389506223098,0.045,0.045,2.2111135591328037,0.016076067092822093,0.02428571428571429,2.2111135591328037,0.0,0.0015447268672421663,0.0698,0.017599999999999994,0.0015447268672421663,0.0168,0.009392670974350611,0.0474,2.2111135591328037,3.535153118431637,0.05455642423087224,0.0168,0.005500579871658286,0.00470054589964911,2.2111135591328037,0.017599999999999994
2023-03-01 15:30:00,0.19922822166459997,-0.0,15.0,0.014434827344556068,0.04782045734430625,0.03639422998219398,0.003779582194850578,0.004780783674830128,0.026200000000000005,0.028800000000000006,0.2004365444264921,0.028800000000000006,1.206941431670282,0.058800000000000005,0.0675,0.026200000000000005,-2,0.026200000000000005,0.024819510417031895,3.2643258871631247,0.019472575813399534,0.01071238454380328,0.004780783674830128,0.058800000000000005,0.056400000000000006,0.006082437057732324,0.0053634240574285535,0.014081581005863283,0.058800000000000005,0.026200000000000005,0.048205730447114764,0.056400000000000006,0.056400000000000006,2.332033831897878,0.048698522500392374,0.031200000000000006,2.332033831897878,0.0,0.004679373112030701,0.09320000000000003,0.028800000000000006,0.004679373112030701,0.026200000000000005,0.028452804790011554,0.058800000000000005,2.332033831897878,3.2643258871631247,0.16526537477156603,0.026200000000000005,0.016662664512314674,0.014239156812202947,2.332033831897878,0.028800000000000006
2023-03-01 15:45:00,0.19725084273033816,-0.0,15.0,0.015234208522430803,0.05046868947108794,0.03840969312120978,0.003988890335133495,0.005045536996357822,0.03140000000000001,0.035600000000000014,0.21153644864759924,0.035600000000000014,1.3119305856832972,0.06460000000000002,0.069375,0.03140000000000001,-2,0.03140000000000001,0.026193981271296986,2.993306514798876,0.02055094067488441,0.011305621883611306,0.005045536996357822,0.06460000000000002,0.06280000000000001,0.00641927417974977,0.005660443213815338,0.014861399880181219,0.06460000000000002,0.03140000000000001,0.05087529847625087,0.06280000000000001,0.06280000000000001,2.2629365331749787,0.051395380685662205,0.03740000000000002,2.2629365331749787,0.0,0.004938510454010839,0.10490000000000002,0.035600000000000014,0.004938510454010839,0.03140000000000001,0.030028482563217287,0.06460000000000002,2.2629365331749787,2.993306514798876,0.17441754727722666,0.03140000000000001,0.01758542029362362,0.01502770202114683,2.2629365331749787,0.035600000000000014
2023-03-01 16:00:00,0.19286789439351698,-0.0,15.0,0.00873299707227595,0.02893113329410363,0.02201832389786802,0.0022866279903586556,0.002892349789775762,0.05519999999999997,0.06479999999999997,0.12126308918504744,0.06479999999999997,1.6546637744034705,0.09119999999999998,0.09399999999999993,0.05519999999999997,-2,0.05519999999999997,0.015015677474591082,2.741479428852969,0.011780809254516198,0.006480938124515219,0.002892349789775762,0.09119999999999998,0.09059999999999997,0.0036798434612044014,0.003244844255692652,0.008519284835339518,0.09119999999999998,0.05519999999999997,0.029164221560318483,0.09059999999999997,0.09059999999999997,2.280210857855703,0.02946235824431126,0.06559999999999996,2.280210857855703,0.0,0.0028309969154471856,0.15869999999999995,0.06479999999999997,0.0028309969154471856,0.05519999999999997,0.017213802077301662,0.09119999999999998,2.280210857855703,2.741479428852969,0.09998471055997661,0.05519999999999997,0.0100808272194014,0.00861461739613698,2.280210857855703,0.06479999999999997
2023-03-01 16:15:00,0.19818061916549012,-0.0,15.0,0.00566653620683973,0.01877240000874288,0.014286919891143087,0.00148371288707688,0.0018767445667239025,0.0418,0.049199999999999994,0.07868337521854077,0.049199999999999994,1.5219088937093275,0.07619999999999999,0.073125,0.0418,-2,0.0418,0.009743147670359083,3.3876655212050837,0.007644154879945572,0.0042052539618317435,0.0018767445667239025,0.07619999999999999,0.0756,0.0023877216533845502,0.002105465890834931,0.00552786581471404,0.07619999999999999,0.0418,0.01892364282824284,0.0756,0.0756,2.452954104662953,0.01911709328980265,0.0498,2.452954104662953,0.0,0.0018369348334903652,0.1283,0.049199999999999994,0.0018369348334903652,0.0418,0.011169433806186051,0.07619999999999999,2.452954104662953,3.3876655212050837,0.06487657992204528,0.0418,0.006541096024751819,0.00558972377744765,2.452954104662953,0.049199999999999994
2023-03-01 16:30:00,0.19244987375576184,-0.0,15.0,0.0,0.0,0.0,0.0,0.0,0.05519999999999997,0.06479999999999997,0.0,0.06479999999999997,1.6546637744034705,0.09119999999999998,0.09399999999999993,0.05519999999999997,-2,0.05519999999999997,0.0,2.9258911791482225,0.0,0.0,0.0,0.09119999999999998,0.09059999999999997,0.0,0.0,0.0,0.09119999999999998,0.05519999999999997,0.0,0.09059999999999997,0.09059999999999997,2.2629365331749787,0.0,0.06559999999999996,2.2629365331749787,0.0,0.0,0.15869999999999995,0.06479999999999997,0.0,0.05519999999999997,0.0,0.09119999999999998,2.2629365331749787,2.9258911791482225,0.0,0.05519999999999997,0.0,0.0,2.2629365331749787,0.06479999999999997
2023-03-01 16:45:00,0.1962213922479905,-0.0,15.0,0.0,0.0,0.0,0.0,0.0,0.012599999999999993,0.013199999999999991,0.0,0.013199999999999991,0.6611713665943597,0.04179999999999999,0.06187499999999999,0.012599999999999993,-2,0.012599999999999993,0.0,3.7429709219598113,0.0,0.0,0.0,0.04179999999999999,0.039999999999999994,0.0,0.0,0.0,0.04179999999999999,0.012599999999999993,0.0,0.039999999999999994,0.039999999999999994,2.176564909771353,0.0,0.023571428571428573,2.176564909771353,0.0,0.0,0.058099999999999985,0.013199999999999991,0.0,0.012599999999999993,0.0,0.04179999999999999,2.176564909771353,3.7429709219598113,0.0,0.012599999999999993,0.0,0.0,2.176564909771353,0.013199999999999991
2023-03-01 17:00:00,0.1911190112557355,-0.0,15.0,0.0,0.0,0.0,0.0,0.0,0.03140000000000001,0.035600000000000014,0.0,0.035600000000000014,1.3119305856832972,0.06460000000000002,0.069375,0.03140000000000001,-2,0.03140000000000001,0.0,3.098881078616707,0.0,0.0,0.0,0.06460000000000002,0.06280000000000001,0.0,0.0,0.0,0.06460000000000002,0.03140000000000001,0.0,0.06280000000000001,0.06280000000000001,2.124741935729178,0.0,0.03740000000000002,2.124741935729178,0.0,0.0,0.10490000000000002,0.035600000000000014,0.0,0.03140000000000001,0.0,0.06460000000000002,2.124741935729178,3.098881078616707,0.0,0.03140000000000001,0.0,0.0,2.124741935729178,0.035600000000000014
2023-03-01 17:15:00,0.18984458278177074,-0.0,15.0,0.0,0.0,0.0,0.0,0.0,0.05519999999999997,0.06479999999999997,0.0,0.06479999999999997,1.6546637744034705,0.09119999999999998,0.09399999999999993,0.05519999999999997,-2,0.05519999999999997,0.0,2.718599282979521,0.0,0.0,0.0,0.09119999999999998,0.09059999999999997,0.0,0.0,0.0,0.09119999999999998,0.05519999999999997,0.0,0.09059999999999997,0.09059999999999997,2.159290585090628,0.0,0.06559999999999996,2.159290585090628,0.0,0.0,0.15869999999999995,0.06479999999999997,0.0,0.05519999999999997,0.0,0.09119999999999998,2.159290585090628,2.718599282979521,0.0,0.05519999999999997,0.0,0.0,2.159290585090628,0.06479999999999997
2023-03-01 17:30:00,0.19356023520970922,-0.0,15.0,0.0,0.0,0.0,0.0,0.0,0.0418,0.049199999999999994,0.0,0.049199999999999994,1.5219088937093275,0.07619999999999999,0.073125,0.0418,-2,0.0418,0.0,3.1497061194952938,0.0,0.0,0.0,0.07619999999999999,0.0756,0.0,0.0,0.0,0.07619999999999999,0.0418,0.0,0.0756,0.0756,2.2629365331749787,0.0,0.0498,2.2629365331749787,0.0,0.0,0.1283,0.049199999999999994,0.0,0.0418,0.0,0.07619999999999999,2.2629365331749787,3.1497061194952938,0.0,0.0418,0.0,0.0,2.2629365331749787,0.049199999999999994
2023-03-01 17:45:00,0.19676558837452296,-0.0,15.0,0.0,0.0,0.0,0.0,0.0,0.047,0.056,0.0,0.056,1.6268980477223427,0.082,0.075,0.047,-2,0.047,0.0,3.3133132373803864,0.0,0.0,0.0,0.082,0.082,0.0,0.0,0.0,0.082,0.047,0.0,0.082,0.082,2.401131130620779,0.0,0.056,2.401131130620779,0.0,0.0,0.14,0.056,0.0,0.047,0.0,0.082,2.401131130620779,3.3133132373803864,0.0,0.047,0.0,0.0,2.401131130620779,0.056
2023-03-01 18:00:00,0.19697862836581992,-0.0,15.0,0.0,0.0,0.0,0.0,0.0,0.026200000000000005,0.028800000000000006,0.0,0.028800000000000006,1.206941431670282,0.058800000000000005,0.0675,0.026200000000000005,-2,0.026200000000000005,0.0,3.5916982985991663,0.0,0.0,0.0,0.058800000000000005,0.056400000000000006,0.0,0.0,0.0,0.058800000000000005,0.026200000000000005,0.0,0.056400000000000006,0.056400000000000006,2.3147595072171536,0.0,0.031200000000000006,2.3147595072171536,0.0,0.0,0.09320000000000003,0.028800000000000006,0.0,0.026200000000000005,0.0,0.058800000000000005,2.3147595072171536,3.5916982985991663,0.0,0.026200000000000005,0.0,0.0,2.3147595072171536,0.028800000000000006
2023-03-01 18:15:00,0.19985189513340407,-0.0,15.0,0.0,0.0,0.0,0.0,0.0,0.012599999999999993,0.013199999999999991,0.0,0.013199999999999991,0.6611713665943597,0.04179999999999999,0.06187499999999999,0.012599999999999993,-2,0.012599999999999993,0.0,3.984811467489963,0.0,0.0,0.0,0.04179999999999999,0.039999999999999994,0.0,0.0,0.0,0.04179999999999999,0.012599999999999993,0.0,0.039999999999999994,0.039999999999999994,2.2974851825364286,0.0,0.023571428571428573,2.2974851825364286,0.0,0.0,0.058099999999999985,0.013199999999999991,0.0,0.012599999999999993,0.0,0.04179999999999999,2.2974851825364286,3.984811467489963,0.0,0.012599999999999993,0.0,0.0,2.2974851825364286,0.013199999999999991
2023-03-01 18:30:00,0.19344470898678745,-0.0,15.0,0.0,0.0,0.0,0.0,0.0,0.047,0.056,0.0,0.056,1.6268980477223427,0.082,0.075,0.047,-2,0.047,0.0,3.071472691850235,0.0,0.0,0.0,0.082,0.082,0.0,0.0,0.0,0.082,0.047,0.0,0.082,0.082,2.280210857855703,0.0,0.056,2.280210857855703,0.0,0.0,0.14,0.056,0.0,0.047,0.0,0.082,2.280210857855703,3.071472691850235,0.0,0.047,0.0,0.0,2.280210857855703,0.056
2023-03-01 18:45:00,0.1914164349522669,-0.0,15.0,0.0,0.0,0.0,0.0,0.0,0.07159999999999998,0.08239999999999999,0.0,0.08239999999999999,1.7101952277657264,0.10959999999999999,0.13199999999999998,0.07159999999999998,-2,0.07159999999999998,0.0,2.703825452467094,0.0,0.0,0.0,0.10959999999999999,0.10779999999999998,0.0,0.0,0.0,0.10959999999999999,0.07159999999999998,0.0,0.10779999999999998,0.10779999999999998,2.2629365331749787,0.0,0.08479999999999999,2.2629365331749787,0.0,0.0,0.1961,0.08239999999999999,0.0,0.07159999999999998,0.0,0.10959999999999999,2.2629365331749787,2.703825452467094,0.0,0.07159999999999998,0.0,0.0,2.2629365331749787,0.08239999999999999
2023-03-01 19:00:00,0.18942093026168605,-0.0,15.0,0.0,0.0,0.0,0.0,0.0,0.11499999999999999,0.12879999999999997,0.0,0.12879999999999997,1.833405639913232,0.1556,0.23299999999999998,0.11499999999999999,-2,0.11499999999999999,0.0,2.1676188957547904,0.0,0.0,0.0,0.1556,0.15439999999999998,0.0,0.0,0.0,0.1556,0.11499999999999999,0.0,0.15439999999999998,0.15439999999999998,2.280210857855703,0.0,0.13879999999999998,2.280210857855703,0.0,0.0,0.28959999999999997,0.12879999999999997,0.0,0.11499999999999999,0.0,0.1556,2.280210857855703,2.1676188957547904,0.0,0.11499999999999999,0.0,0.0,2.280210857855703,0.12879999999999997
2023-03-01 19:15:00,0.19102277782049715,-0.0,15.0,0.0,0.0,0.0,0.0,0.0,0.12400000000000003,0.13840000000000002,0.0,0.13840000000000002,1.8559652928416486,0.16480000000000006,0.2540000000000001,0.12400000000000003,-2,0.12400000000000003,0.0,2.224132316097834,0.0,0.0,0.0,0.16480000000000006,0.16420000000000004,0.0,0.0,0.0,0.16480000000000006,0.12400000000000003,0.0,0.16420000000000004,0.16420000000000004,2.366582481259329,0.0,0.15040000000000003,2.366582481259329,0.0,0.0,0.3083000000000001,0.13840000000000002,0.0,0.12400000000000003,0.0,0.16480000000000006,2.366582481259329,2.224132316097834,0.0,0.12400000000000003,0.0,0.0,2.366582481259329,0.13840000000000002
2023-03-01 19:30:00,0.19686574431083326,-0.0,15.0,0.0,0.0,0.0,0.0,0.0,0.07980000000000002,0.09120000000000003,0.0,0.09120000000000003,1.7379609544468546,0.11880000000000004,0.15100000000000008,0.07980000000000002,-2,0.07980000000000002,0.0,3.041925030825377,0.0,0.0,0.0,0.11880000000000004,0.11640000000000003,0.0,0.0,0.0,0.11880000000000004,0.07980000000000002,0.0,0.11640000000000003,0.11640000000000003,2.4875027540244026,0.0,0.09440000000000004,2.4875027540244026,0.0,0.0,0.21480000000000007,0.09120000000000003,0.0,0.07980000000000002,0.0,0.11880000000000004,2.4875027540244026,3.041925030825377,0.0,0.07980000000000002,0.0,0.0,2.4875027540244026,0.09120000000000003
2023-03-01 19:45:00,0.18744611652568377,-0.0,15.0,0.0,0.0,0.0,0.0,0.0,0.11499999999999999,0.12879999999999997,0.0,0.12879999999999997,1.833405639913232,0.1556,0.23299999999999998,0.11499999999999999,-2,0.11499999999999999,0.0,1.9948756489475397,0.0,0.0,0.0,0.1556,0.15439999999999998,0.0,0.0,0.0,0.1556,0.11499999999999999,0.0,0.15439999999999998,0.15439999999999998,2.193839234452078,0.0,0.13879999999999998,2.193839234452078,0.0,0.0,0.28959999999999997,0.12879999999999997,0.0,0.11499999999999999,0.0,0.1556,2.193839234452078,1.9948756489475397,0.0,0.11499999999999999,0.0,0.0,2.193839234452078,0.12879999999999997
2023-03-01 20:00:00,0.1871074309448595,-0.0,15.0,0.0,0.0,0.0,0.0,0.0,0.10600000000000001,0.11920000000000001,0.0,0.11920000000000001,1.8108459869848155,0.14640000000000003,0.21200000000000005,0.10600000000000001,-2,0.10600000000000001,0.0,2.0420081766888476,0.0,0.0,0.0,0.14640000000000003,0.14460000000000003,0.0,0.0,0.0,0.14640000000000003,0.10600000000000001,0.0,0.14460000000000003,0.14460000000000003,2.159290585090628,0.0,0.12720000000000004,2.159290585090628,0.0,0.0,0.27090000000000003,0.11920000000000001,0.0,0.10600000000000001,0.0,0.14640000000000003,2.159290585090628,2.0420081766888476,0.0,0.10600000000000001,0.0,0.0,2.159290585090628,0.11920000000000001
2023-03-01 20:15:00,0.18942604575285582,-0.0,15.0,0.0,0.0,0.0,0.0,0.0,0.05519999999999997,0.06479999999999997,0.0,0.06479999999999997,1.6546637744034705,0.09119999999999998,0.09399999999999993,0.05519999999999997,-2,0.05519999999999997,0.0,2.68405063361807,0.0,0.0,0.0,0.09119999999999998,0.09059999999999997,0.0,0.0,0.0,0.09119999999999998,0.05519999999999997,0.0,0.09059999999999997,0.09059999999999997,2.1420162604099025,0.0,0.06559999999999996,2.1420162604099025,0.0,0.0,0.15869999999999995,0.06479999999999997,0.0,0.05519999999999997,0.0,0.09119999999999998,2.1420162604099025,2.68405063361807,0.0,0.05519999999999997,0.0,0.0,2.1420162604099025,0.06479999999999997
2023-03-01 20:30:00,0.1938130617003555,-0.0,15.0,0.0,0.0,0.0,0.0,0.0,0.05519999999999997,0.06479999999999997,0.0,0.06479999999999997,1.6546637744034705,0.09119999999999998,0.09399999999999993,0.05519999999999997,-2,0.05519999999999997,0.0,3.0295371272325724,0.0,0.0,0.0,0.09119999999999998,0.09059999999999997,0.0,0.0,0.0,0.09119999999999998,0.05519999999999997,0.0,0.09059999999999997,0.09059999999999997,2.3147595072171536,0.0,0.06559999999999996,2.3147595072171536,0.0,0.0,0.15869999999999995,0.06479999999999997,0.0,0.05519999999999997,0.0,0.09119999999999998,2.3147595072171536,3.0295371272325724,0.0,0.05519999999999997,0.0,0.0,2.3147595072171536,0.06479999999999997
2023-03-01 20:45:00,0.191216320201403,-0.0,15.0,0.0,0.0,0.0,0.0,0.0,0.09699999999999996,0.10959999999999998,0.0,0.10959999999999998,1.7882863340563988,0.13719999999999996,0.19099999999999995,0.09699999999999996,-2,0.09699999999999996,0.0,2.469175847406108,0.0,0.0,0.0,0.13719999999999996,0.13479999999999998,0.0,0.0,0.0,0.13719999999999996,0.09699999999999996,0.0,0.13479999999999998,0.13479999999999998,2.3147595072171536,0.0,0.11559999999999997,2.3147595072171536,0.0,0.0,0.2522,0.10959999999999998,0.0,0.09699999999999996,0.0,0.13719999999999996,2.3147595072171536,2.469175847406108,0.0,0.09699999999999996,0.0,0.0,2.3147595072171536,0.10959999999999998
2023-03-01 21:00:00,0.20036217330077655,-0.0,15.0,0.0,0.0,0.0,0.0,0.0,0.03140000000000001,0.035600000000000014,0.0,0.035600000000000014,1.3119305856832972,0.06460000000000002,0.069375,0.03140000000000001,-2,0.03140000000000001,0.0,3.755305416484257,0.0,0.0,0.0,0.06460000000000002,0.06280000000000001,0.0,0.0,0.0,0.06460000000000002,0.03140000000000001,0.0,0.06280000000000001,0.06280000000000001,2.452954104662953,0.0,0.03740000000000002,2.452954104662953,0.0,0.0,0.10490000000000002,0.035600000000000014,0.0,0.03140000000000001,0.0,0.06460000000000002,2.452954104662953,3.755305416484257,0.0,0.03140000000000001,0.0,0.0,2.452954104662953,0.035600000000000014
2023-03-01 21:15:00,0.19647914058898364,-0.0,15.0,0.0,0.0,0.0,0.0,0.0,0.026200000000000005,0.028800000000000006,0.0,0.028800000000000006,1.206941431670282,0.058800000000000005,0.0675,0.026200000000000005,-2,0.026200000000000005,0.0,3.5571496492377164,0.0,0.0,0.0,0.058800000000000005,0.056400000000000006,0.0,0.0,0.0,0.058800000000000005,0.026200000000000005,0.0,0.056400000000000006,0.056400000000000006,2.2974851825364286,0.0,0.031200000000000006,2.2974851825364286,0.0,0.0,0.09320000000000003,0.028800000000000006,0.0,0.026200000000000005,0.0,0.058800000000000005,2.2974851825364286,3.5571496492377164,0.0,0.026200000000000005,0.0,0.0,2.2974851825364286,0.028800000000000006
2023-03-01 21:30:00,0.19823387998015285,-0.0,15.0,0.0,0.0,0.0,0.0,0.0,0.021,0.022,0.0,0.022,1.1019522776572668,0.053,0.065625,0.021,-2,0.021,0.0,3.739029024967123,0.0,0.0,0.0,0.053,0.05,0.0,0.0,0.0,0.053,0.021,0.0,0.05,0.05,2.332033831897878,0.0,0.025,2.332033831897878,0.0,0.0,0.08150000000000002,0.022,0.0,0.021,0.0,0.053,2.332033831897878,3.739029024967123,0.0,0.021,0.0,0.0,2.332033831897878,0.022
2023-03-01 21:45:00,0.1956022545380547,-0.0,15.0,0.0,0.0,0.0,0.0,0.0,0.036599999999999994,0.04239999999999999,0.0,0.04239999999999999,1.4169197396963122,0.07039999999999999,0.07125,0.036599999999999994,-2,0.036599999999999994,0.0,3.3661341445861512,0.0,0.0,0.0,0.07039999999999999,0.06919999999999998,0.0,0.0,0.0,0.07039999999999999,0.036599999999999994,0.0,0.06919999999999998,0.06919999999999998,2.3147595072171536,0.0,0.043599999999999986,2.3147595072171536,0.0,0.0,0.11660000000000001,0.04239999999999999,0.0,0.036599999999999994,0.0,0.07039999999999999,2.3147595072171536,3.3661341445861512,0.0,0.036599999999999994,0.0,0.0,2.3147595072171536,0.04239999999999999
2023-03-01 22:00:00,0.20136241675800282,-0.0,15.0,0.0,0.0,0.0,0.0,0.0,0.008400000000000008,0.008800000000000007,0.0,0.008800000000000007,0.4407809110629071,0.03620000000000001,0.06,0.008400000000000008,-2,0.008400000000000008,0.0,4.142251338112832,0.0,0.0,0.0,0.03620000000000001,0.03500000000000001,0.0,0.0,0.0,0.03620000000000001,0.008400000000000008,0.0,0.03500000000000001,0.03500000000000001,2.2974851825364286,0.0,0.02285714285714286,2.2974851825364286,0.0,0.0,0.046400000000000025,0.008800000000000007,0.0,0.008400000000000008,0.0,0.03620000000000001,2.2974851825364286,4.142251338112832,0.0,0.008400000000000008,0.0,0.0,2.2974851825364286,0.008800000000000007
2023-03-01 22:15:00,0.41954382779254207,-0.0,15.0,0.0,0.0,0.0,0.0,0.0,0.0,0.0,0.0,0.0,0.0,0.019799999999999998,0.0525,0.0,-2,0.0,0.0,4.26675819613908,0.0,0.0,0.0,0.019799999999999998,0.019799999999999998,0.0,0.0,0.0,0.019799999999999998,0.0,0.0,0.019799999999999998,0.019799999999999998,2.245662208494253,0.0,0.02,2.245662208494253,0.0,0.0,0.021466666666666665,0.0,0.0,0.0,0.0,0.019799999999999998,2.245662208494253,4.26675819613908,0.0,0.0,0.0,0.0,2.245662208494253,0.0
2023-03-01 22:30:00,0.5816211050408997,-0.0,15.0,0.0,0.0,0.0,0.0,0.0,0.0,0.0,0.0,0.0,0.0,0.0071999999999999955,0.043125,0.0,-2,0.0,0.0,4.726255232646367,0.0,0.0,0.0,0.0071999999999999955,0.0071999999999999955,0.0,0.0,0.0,0.0071999999999999955,0.0,0.0,0.0071999999999999955,0.0071999999999999955,2.487502754024404,0.0,0.016428571428571428,2.487502754024404,0.0,0.0,0.01763333333333333,0.0,0.0,0.0,0.0,0.0071999999999999955,2.487502754024404,4.726255232646367,0.0,0.0,0.0,0.0,2.487502754024404,0.0
2023-03-01 22:45:00,0.20191350122596852,-0.0,15.0,0.0,0.0,0.0,0.0,0.0,0.008400000000000008,0.008800000000000007,0.0,0.008800000000000007,0.4407809110629071,0.03620000000000001,0.06,0.008400000000000008,-2,0.008400000000000008,0.0,4.176799987474282,0.0,0.0,0.0,0.03620000000000001,0.03500000000000001,0.0,0.0,0.0,0.03620000000000001,0.008400000000000008,0.0,0.03500000000000001,0.03500000000000001,2.3147595072171536,0.0,0.02285714285714286,2.3147595072171536,0.0,0.0,0.046400000000000025,0.008800000000000007,0.0,0.008400000000000008,0.0,0.03620000000000001,2.3147595072171536,4.176799987474282,0.0,0.008400000000000008,0.0,0.0,2.3147595072171536,0.008800000000000007
2023-03-01 23:00:00,0.20188335828662218,-0.0,15.0,0.0,0.0,0.0,0.0,0.0,0.004200000000000004,0.004400000000000004,0.0,0.004400000000000004,0.22039045553145356,0.030600000000000006,0.058124999999999996,0.004200000000000004,-2,0.004200000000000004,0.0,4.230593910012802,0.0,0.0,0.0,0.030600000000000006,0.030000000000000006,0.0,0.0,0.0,0.030600000000000006,0.004200000000000004,0.0,0.030000000000000006,0.030000000000000006,2.2629365331749787,0.0,0.022142857142857145,2.2629365331749787,0.0,0.0,0.03470000000000001,0.004400000000000004,0.0,0.004200000000000004,0.0,0.030600000000000006,2.2629365331749787,4.230593910012802,0.0,0.004200000000000004,0.0,0.0,2.2629365331749787,0.004400000000000004
2023-03-01 23:15:00,0.20528994784848642,-0.0,15.0,0.0,0.0,0.0,0.0,0.0,0.004200000000000004,0.004400000000000004,0.0,0.004400000000000004,0.22039045553145356,0.030600000000000006,0.058124999999999996,0.004200000000000004,-2,0.004200000000000004,0.0,4.4378858061815025,0.0,0.0,0.0,0.030600000000000006,0.030000000000000006,0.0,0.0,0.0,0.030600000000000006,0.004200000000000004,0.0,0.030000000000000006,0.030000000000000006,2.366582481259329,0.0,0.022142857142857145,2.366582481259329,0.0,0.0,0.03470000000000001,0.004400000000000004,0.0,0.004200000000000004,0.0,0.030600000000000006,2.366582481259329,4.4378858061815025,0.0,0.004200000000000004,0.0,0.0,2.366582481259329,0.004400000000000004
2023-03-01 23:30:00,0.19748262160346952,-0.0,15.0,0.0,0.0,0.0,0.0,0.0,0.026200000000000005,0.028800000000000006,0.0,0.028800000000000006,1.206941431670282,0.058800000000000005,0.0675,0.026200000000000005,-2,0.026200000000000005,0.0,3.6262469479606154,0.0,0.0,0.0,0.058800000000000005,0.056400000000000006,0.0,0.0,0.0,0.058800000000000005,0.026200000000000005,0.0,0.056400000000000006,0.056400000000000006,2.332033831897878,0.0,0.031200000000000006,2.332033831897878,0.0,0.0,0.09320000000000003,0.028800000000000006,0.0,0.026200000000000005,0.0,0.058800000000000005,2.332033831897878,3.6262469479606154,0.0,0.026200000000000005,0.0,0.0,2.332033831897878,0.028800000000000006
2023-03-01 23:45:00,0.1943710574084796,-0.0,15.0,0.0,0.0,0.0,0.0,0.0,0.047,0.056,0.0,0.056,1.6268980477223427,0.082,0.075,0.047,-2,0.047,0.0,3.1405699905731357,0.0,0.0,0.0,0.082,0.082,0.0,0.0,0.0,0.082,0.047,0.0,0.082,0.082,2.3147595072171536,0.0,0.056,2.3147595072171536,0.0,0.0,0.14,0.056,0.0,0.047,0.0,0.082,2.3147595072171536,3.1405699905731357,0.0,0.047,0.0,0.0,2.3147595072171536,0.056
